-- --------------------------------------------------------
-- Host:                         127.0.0.1
-- Server version:               5.7.11-log - MySQL Community Server (GPL)
-- Server OS:                    Win64
-- HeidiSQL Version:             9.3.0.4984
-- --------------------------------------------------------

/*!40101 SET @OLD_CHARACTER_SET_CLIENT=@@CHARACTER_SET_CLIENT */;
/*!40101 SET NAMES utf8mb4 */;
/*!40014 SET @OLD_FOREIGN_KEY_CHECKS=@@FOREIGN_KEY_CHECKS, FOREIGN_KEY_CHECKS=0 */;
/*!40101 SET @OLD_SQL_MODE=@@SQL_MODE, SQL_MODE='NO_AUTO_VALUE_ON_ZERO' */;

-- Dumping database structure for avalon
CREATE DATABASE IF NOT EXISTS `avalon` /*!40100 DEFAULT CHARACTER SET utf8 */;
USE `avalon`;


-- Dumping structure for table avalon.bots
CREATE TABLE IF NOT EXISTS `bots` (
  `ID` int(11) NOT NULL AUTO_INCREMENT,
  `MeshID` int(11) DEFAULT NULL,
  `X` int(11) DEFAULT NULL,
  `Y` int(11) DEFAULT NULL,
  `Z` int(11) DEFAULT NULL,
  PRIMARY KEY (`ID`)
) ENGINE=InnoDB AUTO_INCREMENT=14 DEFAULT CHARSET=utf8;

-- Dumping data for table avalon.bots: ~11 rows (approximately)
/*!40000 ALTER TABLE `bots` DISABLE KEYS */;
INSERT INTO `bots` (`ID`, `MeshID`, `X`, `Y`, `Z`) VALUES
	(1, 35, -600, 26, 350),
	(2, 35, -500, 26, 360),
	(3, 35, -430, 26, 373),
	(4, 35, -374, 26, 238),
	(5, 35, -384, 26, 131),
	(6, 35, -307, 26, -27),
	(7, 35, -177, 26, -22),
	(8, 35, -139, 26, -108),
	(9, 35, -176, 26, -113),
	(10, 35, -251, 26, 350),
	(11, 35, -110, 26, -715),
	(12, 35, 603, 26, 1),
	(13, 35, 612, 26, 49);
/*!40000 ALTER TABLE `bots` ENABLE KEYS */;


-- Dumping structure for table avalon.bounds
CREATE TABLE IF NOT EXISTS `bounds` (
  `ID` int(11) NOT NULL AUTO_INCREMENT,
  `x` float NOT NULL DEFAULT '0',
  `y` float NOT NULL DEFAULT '0',
  `z` float NOT NULL DEFAULT '0',
  `width` float NOT NULL DEFAULT '0',
  `height` float NOT NULL DEFAULT '0',
  `deep` float NOT NULL DEFAULT '0',
  `RotX` float NOT NULL DEFAULT '0',
  `RotY` float NOT NULL DEFAULT '0',
  `RotZ` float NOT NULL DEFAULT '0',
  `type` int(11) NOT NULL DEFAULT '0',
  `worldID` int(11) DEFAULT NULL,
  PRIMARY KEY (`ID`)
) ENGINE=InnoDB AUTO_INCREMENT=150 DEFAULT CHARSET=utf8;

-- Dumping data for table avalon.bounds: ~108 rows (approximately)
/*!40000 ALTER TABLE `bounds` DISABLE KEYS */;
INSERT INTO `bounds` (`ID`, `x`, `y`, `z`, `width`, `height`, `deep`, `RotX`, `RotY`, `RotZ`, `type`, `worldID`) VALUES
	(5, -63.9766, 40.3433, -711.227, 57, 40, 68, 0, 0, 0, 3, -1),
	(6, 71.3461, 40.3433, -710.143, 57, 40, 68, 0, 0, 0, 3, -1),
	(7, 193.883, 40.3433, -711.257, 57, 40, 68, 0, 0, 0, 3, -1),
	(8, 305.444, 40.3619, -710.056, 57, 40, 68, 0, 0, 0, 3, -1),
	(9, 336.948, 25.3626, -739.494, 5, 10, 5, 0, 45, 0, 3, -1),
	(10, 225.794, 25.3433, -740.271, 4.99997, 10, 5, 0, 45, 0, 3, -1),
	(11, 103.777, 25.3433, -739.475, 4.99999, 10, 5, 0, 45, 0, 3, -1),
	(13, -31.7476, 25.3433, -739.903, 4.99998, 10, 5, 0, 45, 0, 3, -1),
	(14, -193.018, 25.3433, -739.992, 4.99997, 10, 5, 0, 45, 0, 3, -1),
	(15, -146.22, 22.4433, -691.044, 49.9998, 4.2, 1, 0, 0, 0, 3, -1),
	(16, -146.48, 22.4433, -739.272, 49.9998, 4.2, 1, 0, 0, 0, 3, -1),
	(17, -122.383, 22.4433, -715.16, 1, 4.2, 47.999, 0, 0, 0, 3, -1),
	(18, -170.406, 22.4433, -714.896, 1, 4.2, 47.999, 0, 0, 0, 3, -1),
	(19, -146.875, 21.4433, -715.828, 48, 2.2, 48, 0, 0, 0, 3, -1),
	(20, -230.289, 23.4747, -757.75, 5.42639, 6.2628, 5.42639, 0, 0, 0, 1, 9),
	(21, -236.034, 23.4747, -759.065, 5.42639, 6.2628, 5.42639, 0, 0, 0, 1, 10),
	(22, -241.996, 23.4747, -759.203, 5.42639, 6.2628, 5.42639, 0, 0, 0, 1, 11),
	(23, -224.317, 23.4747, -757.596, 5.42639, 6.2628, 5.42639, 0, 0, 0, 1, 12),
	(24, -218.22, 23.4747, -757.442, 5.42639, 6.2628, 5.42639, 0, 0, 0, 1, 13),
	(25, -217.606, 23.4747, -750.862, 5.42639, 6.2628, 5.42639, 0, 0, 0, 1, 14),
	(26, -225.307, 23.4747, -751.252, 5.42639, 6.2628, 5.42639, 0, 0, 0, 1, 15),
	(27, -233.204, 23.4747, -751.687, 5.42639, 6.2628, 5.42639, 0, 0, 0, 1, 16),
	(28, -241.355, 23.4747, -753.107, 5.42639, 6.2628, 5.42639, 0, 0, 0, 1, 17),
	(29, -243.617, 29.8747, -754.366, 5.42639, 6.2628, 5.42639, 0, 0, 0, 1, 18),
	(30, -237.649, 29.8747, -758.397, 5.42639, 6.2628, 5.42639, 0, 0, 0, 1, 19),
	(31, -231.873, 29.8747, -758.643, 5.42639, 6.2628, 5.42639, 0, 0, 0, 1, 20),
	(32, -225.074, 29.8747, -758.866, 5.42639, 6.2628, 5.42639, 0, 0, 0, 1, 21),
	(33, -219.213, 29.8747, -757.795, 5.42639, 6.2628, 5.42639, 0, 0, 0, 1, 22),
	(34, -219.606, 29.8747, -751.23, 5.42639, 6.2628, 5.42639, 0, 0, 0, 1, 23),
	(35, -226.886, 36.3747, -757.312, 5.42639, 6.2628, 5.42639, 0, 0, 0, 1, 24),
	(36, -219.868, 36.3747, -754.058, 5.42639, 6.2628, 5.42639, 0, 0, 0, 1, 25),
	(37, -234.348, 36.3747, -757.993, 5.42639, 6.2628, 5.42639, 0, 0, 0, 1, 26),
	(38, -239.987, 36.3747, -752.292, 5.42639, 6.2628, 5.42639, 0, 0, 0, 1, 27),
	(39, -879.265, 27.8433, 751.864, 50, 15, 6.99976, 0, 0, 0, 0, 74),
	(40, -829.252, 27.8433, 752.818, 50, 15, 6.99976, 0, 0, 0, 0, 75),
	(41, -756.218, 27.8433, 752.559, 50, 15, 6.99976, 0, 0, 0, 0, 76),
	(42, -697.326, 27.8433, 753.013, 50, 15, 6.99976, 0, 0, 0, 0, 77),
	(43, -643.442, 27.8433, 790.096, 50, 15, 6.99976, 0, 90, 0, 0, 78),
	(44, -642.158, 27.8825, 854.014, 50, 15, 6.99976, 0, 90, 0, 0, 79),
	(60, -196.328, 27.8388, 7.21545, 7, 15, 7, 0, 0, 0, 3, -1),
	(61, -153.669, 26.8774, -9.17712, 7, 15, 7, 0, 0, 0, 3, -1),
	(62, -130.361, 27.2563, 64.192, 7.00001, 15, 7, 0, 0, 0, 3, -1),
	(63, -176.008, 27.8387, 60.9127, 7, 15, 7, 0, 0, 0, 3, -1),
	(64, -215.113, 27.8388, 28.6463, 7, 15, 7, 0, 0, 0, 3, -1),
	(65, -230.122, 27.8388, -51.8462, 7, 15, 7, 0, 0, 0, 3, -1),
	(66, -267.992, 27.8433, -30.4781, 7, 15, 7, 0, 0, 0, 3, -1),
	(67, -265.924, 27.8433, 31.4955, 7, 15, 7, 0, 0, 0, 3, -1),
	(68, -218.861, 27.8388, 70.1061, 7, 15, 7, 0, 0, 0, 3, -1),
	(69, -236.132, 27.7756, 107.492, 7, 15, 7, 0, 0, 0, 3, -1),
	(70, -270.111, 27.8433, 77.3103, 7, 15, 7, 0, 0, 0, 3, -1),
	(71, -321.069, 27.8433, 46.7737, 7, 15, 7, 0, 0, 0, 3, -1),
	(72, -367.373, 27.8433, 63.9088, 7, 15, 7, 0, 0, 0, 3, -1),
	(73, -397.546, 27.8433, 106.858, 7, 15, 7, 0, 0, 0, 3, -1),
	(74, -369.851, 27.8433, 123.888, 7, 15, 7, 0, 0, 0, 3, -1),
	(75, -424.88, 27.8433, 155.319, 7, 15, 7, 0, 0, 0, 3, -1),
	(76, -467.388, 27.8433, 149.045, 7, 15, 7, 0, 0, 0, 3, -1),
	(77, -473.363, 27.8433, 215.26, 7, 15, 7, 0, 0, 0, 3, -1),
	(78, -519.199, 27.8433, 204.194, 7, 15, 7, 0, 0, 0, 3, -1),
	(79, -539.97, 27.8433, 245.089, 7, 15, 7, 0, 0, 0, 3, -1),
	(80, -634.907, 27.8433, 259.862, 7, 15, 7, 0, 0, 0, 3, -1),
	(81, -676.987, 27.8471, 304.453, 7, 15, 7, 0, 0, 0, 3, -1),
	(82, -646.772, 27.8433, 396.301, 7, 15, 7, 0, 0, 0, 3, -1),
	(83, -622.247, 27.8433, 362.846, 7, 15, 7, 0, 0, 0, 3, -1),
	(84, -611.221, 27.8433, 426.786, 7, 15, 7, 0, 0, 0, 3, -1),
	(86, -572.891, 27.8433, 394.088, 7, 15, 7, 0, 0, 0, 3, -1),
	(87, -586.761, 27.8468, 469.941, 7, 15, 7, 0, 0, 0, 3, -1),
	(88, -573.58, 27.8626, 502.481, 7, 15, 7, 0, 0, 0, 3, -1),
	(89, -524.153, 27.8525, 407.163, 7, 15, 7, 0, 0, 0, 3, -1),
	(90, -557.109, 27.8433, 287.994, 7, 15, 7, 0, 0, 0, 3, -1),
	(91, -510.413, 27.8388, 344.901, 7, 15, 7, 0, 0, 0, 3, -1),
	(93, -499.297, 27.8388, 275.448, 7, 15, 7, 0, 0, 0, 3, -1),
	(94, -453.364, 27.8388, 288.076, 7, 15, 7, 0, 0, 0, 3, -1),
	(95, -467.866, 27.8388, 256.138, 7, 15, 7, 0, 0, 0, 3, -1),
	(96, -405.623, 27.8433, 243.664, 7, 15, 7, 0, 0, 0, 3, -1),
	(97, -418.847, 27.8433, 203.357, 7, 15, 7, 0, 0, 0, 3, -1),
	(98, -388.657, 27.8433, 157.534, 7, 15, 7, 0, 0, 0, 3, -1),
	(99, -346.264, 27.8433, 183.495, 7, 15, 7, 0, 0, 0, 3, -1),
	(100, -334.356, 27.8433, 154.627, 7, 15, 7, 0, 0, 0, 3, -1),
	(101, -321.549, 27.8433, 123.212, 7, 15, 7, 0, 0, 0, 3, -1),
	(102, -383.412, 27.8387, 304.731, 7, 15, 7, 0, 0, 0, 3, -1),
	(103, -380.902, 27.8433, 345.846, 7, 15, 7, 0, 0, 0, 3, -1),
	(104, -455.751, 27.9244, 413.095, 7, 15, 7, 0, 0, 0, 3, -1),
	(105, -447.539, 28.1927, 478.831, 7, 15, 7, 0, 0, 0, 3, -1),
	(107, -184.189, 27.8433, -685.457, 7, 15, 7, 0, 0, 0, 3, -1),
	(108, -113.806, 27.8433, -682.52, 7.00001, 15, 7, 0, 0, 0, 3, -1),
	(111, -225.352, 40.3433, -711.436, 57.0006, 40, 67.9987, 0, 0, 0, 3, -1),
	(115, 593.735, 30.4331, -16.0293, 89.9983, 20, 1.02, 0, 0, 0, 3, -1),
	(116, 593.541, 30.3433, 69.3724, 89.9983, 20, 1.02, 0, 0, 0, 3, -1),
	(117, 639.621, 30.3433, 28.0529, 2, 20, 85, 0, 0, 0, 3, -1),
	(118, 548.338, 30.3433, 9.15302, 2, 20, 50, 0, 0, 0, 3, -1),
	(119, 548.622, 30.3433, 59.6711, 2, 20, 17, 0, 0, 0, 3, -1),
	(123, 618.818, 24.3433, 20.5286, 1.02002, 8, 10.0001, 0, 0, 0, 3, -1),
	(124, 629.215, 24.3433, 15.8953, 20.0001, 8, 1, 0, 0, 0, 3, -1),
	(125, 628.574, 24.3433, 34.0009, 20.0001, 8, 1, 0, 0, 0, 3, -1),
	(126, 627.943, 22.3433, 0.171082, 20, 4, 1, 0, 0, 0, 3, -1),
	(127, 618.564, 22.3433, 5.26843, 1, 4, 10, 0, 0, 0, 3, -1),
	(128, 619.029, 22.3537, -9.17419, 1, 4, 10, 0, 0, 0, 3, -1),
	(129, 619.076, 22.3433, 38.8514, 1, 4, 10, 0, 0, 0, 3, -1),
	(130, 618.861, 22.3433, 56.2255, 1, 4, 10, 0, 0, 0, 3, -1),
	(131, 628.71, 22.3433, 51.8654, 20, 4, 1, 0, 0, 0, 3, -1),
	(132, 584.937, 30.3433, 39.8035, 10, 20, 30, 0, 0, 0, 0, 92),
	(133, 589.814, 21.3633, 22.011, 2.04004, 2.04, 2.04, 0, 0, 0, 1, 93),
	(134, 587.089, 21.3633, 21.8669, 2.04004, 2.04, 2.04, 0, 0, 0, 1, 94),
	(135, 588.776, 21.3633, 19.3914, 2.04004, 2.04, 2.04, 0, 0, 0, 1, 95),
	(136, 586.822, 23.4633, 22.2751, 2.04004, 2.04, 2.04, 0, 0, 0, 1, 96),
	(137, 589.197, 23.4633, 21.9338, 2.04004, 2.04, 2.04, 0, 0, 0, 1, 97),
	(138, 613.74, 23.2285, 5.04285, 7.34058, 0.819923, 7.20754, 0, 0, 45, 0, 98),
	(139, 617.294, 24.0136, 5.58868, 7.34058, 0.819923, 7.20754, 0, 0, 90, 0, 99),
	(140, 588.268, 20.7533, 6.21997, 7.34058, 0.819923, 7.20754, 0, 0, 0, 1, 100),
	(141, 588.397, 21.7533, 6.10138, 7.34058, 0.819923, 7.20754, 0, 0, 0, 1, 101),
	(142, 586.088, 22.7533, 6.52704, 7.34058, 0.819923, 7.20754, 0, 0, 0, 1, 102),
	(143, 586.839, 23.7533, 6.63782, 7.34058, 0.819923, 7.20754, 0, 0, 0, 1, 103),
	(144, 587.817, 24.7533, 6.70874, 7.34058, 0.819923, 7.20754, 0, 0, 0, 1, 104),
	(145, 547.593, 45.3433, 9.77612, 1, 10, 50, 0, 0, 0, 3, -1),
	(147, 548.311, 30.3433, 68.9296, 2.03992, 20, 2.03999, 0, 0, 0, 3, -1),
	(149, 640.011, 30.3673, -16.2454, 2.03992, 20, 2.03999, 0, 0, 0, 3, -1);
/*!40000 ALTER TABLE `bounds` ENABLE KEYS */;


-- Dumping structure for table avalon.models
CREATE TABLE IF NOT EXISTS `models` (
  `ID` int(11) NOT NULL AUTO_INCREMENT,
  `Name` varchar(100) NOT NULL DEFAULT '0',
  `MeshName` varchar(100) NOT NULL DEFAULT '0',
  `Width` float NOT NULL DEFAULT '0',
  `Height` float NOT NULL DEFAULT '0',
  `Depth` float NOT NULL DEFAULT '0',
  `Type` int(11) NOT NULL DEFAULT '0',
  PRIMARY KEY (`ID`),
  UNIQUE KEY `MeshName` (`MeshName`),
  UNIQUE KEY `Name` (`Name`)
) ENGINE=InnoDB AUTO_INCREMENT=47 DEFAULT CHARSET=utf8;

-- Dumping data for table avalon.models: ~21 rows (approximately)
/*!40000 ALTER TABLE `models` DISABLE KEYS */;
INSERT INTO `models` (`ID`, `Name`, `MeshName`, `Width`, `Height`, `Depth`, `Type`) VALUES
	(1, 'Barrel', 'Barrel.mesh', 5.4264, 6.2628, 5.4264, 0),
	(2, 'Column', 'column.mesh', 47.94, 450.84, 47.94, 0),
	(3, 'Fish', 'fish.mesh', 7.51718, 3.13848, 3.51827, 0),
	(4, 'Penguin', 'penguin.mesh', 63.0057, 47.9906, 49.2714, 0),
	(5, 'Robot', 'robot.mesh', 32.7677, 103.706, 50.0744, 1),
	(6, 'Cottage', 'tudorhouse.mesh', 689.504, 1143.27, 747.569, 0),
	(7, 'Pallet', 'WoodPallet.mesh', 7.34064, 0.819923, 7.20754, 0),
	(8, 'Barrier1', 'barrier1.mesh', 2.04, 1.16586, 2.37536, 0),
	(9, 'Container', 'container.mesh', 3.85968, 1.785, 2.04, 0),
	(10, 'nxogre.playpen', 'nxogre.playpen.mesh', 10.2, 2.55, 10.2, 0),
	(11, 'nxogre.platform', 'nxogre.platform.mesh', 108.12, 5.30075, 108.12, 0),
	(12, 'weight1', 'weight1.mesh', 3.06204, 0.612, 1.02, 0),
	(13, 'weight2', 'weight2.mesh', 6.1404, 2.05632, 2.05632, 0),
	(14, 'Mikki', 'Mikki.mesh', 68.8093, 314.871, 105.8, 0),
	(34, 'cube.1m', 'cube.1m.mesh', 0, 0, 0, 0),
	(35, 'sinbad', 'sinbad.mesh', 0, 0, 0, 1),
	(40, 'spruce', 'spruce.mesh', 0, 0, 0, 0),
	(41, 'Column-Red', 'Column-Red.mesh', 0, 0, 0, 0),
	(45, 'Barn', 'Barn.mesh', 0, 0, 0, 0),
	(46, 'Crate', 'Crate.mesh', 0, 0, 0, 0);
/*!40000 ALTER TABLE `models` ENABLE KEYS */;


-- Dumping structure for table avalon.world
CREATE TABLE IF NOT EXISTS `world` (
  `ID` int(11) NOT NULL AUTO_INCREMENT,
  `ModelID` int(11) NOT NULL DEFAULT '0',
  `x` float NOT NULL DEFAULT '0',
  `y` float NOT NULL DEFAULT '0',
  `z` float NOT NULL DEFAULT '0',
  `Width` float NOT NULL DEFAULT '0',
  `Height` float NOT NULL DEFAULT '0',
  `Deep` float NOT NULL DEFAULT '0',
  `Scale` float NOT NULL DEFAULT '0',
  `RotX` float NOT NULL DEFAULT '0',
  `RotY` float NOT NULL DEFAULT '0',
  `RotZ` float NOT NULL DEFAULT '0',
  `Mass` float NOT NULL DEFAULT '0',
  `Type` int(11) NOT NULL DEFAULT '0',
  PRIMARY KEY (`ID`)
) ENGINE=InnoDB AUTO_INCREMENT=105 DEFAULT CHARSET=utf8;

-- Dumping data for table avalon.world: ~91 rows (approximately)
/*!40000 ALTER TABLE `world` DISABLE KEYS */;
INSERT INTO `world` (`ID`, `ModelID`, `x`, `y`, `z`, `Width`, `Height`, `Deep`, `Scale`, `RotX`, `RotY`, `RotZ`, `Mass`, `Type`) VALUES
	(3, 6, -222.202, 75.3433, -710.995, 0.098622, 0.099714, 0.098988, 1, 0, 0, 0, 100, 0),
	(4, 6, -61.5303, 75.3433, -710.688, 0.098622, 0.099714, 0.098988, 1, 0, 0, 0, 100, 0),
	(5, 6, 74.4436, 75.3433, -710.383, 0.098622, 0.099714, 0.098988, 1, 0, 0, 0, 100, 0),
	(6, 6, 196.586, 75.3433, -711.343, 0.098622, 0.099714, 0.098988, 1, 0, 0, 0, 100, 0),
	(7, 6, 307.637, 75.3634, -710.514, 0.098622, 0.099714, 0.098988, 1, 0, 0, 0, 100, 0),
	(8, 10, -146.326, 22.6183, -715.164, 4.92157, 1.78431, 4.92157, 1, 0, 0, 0, 100, 0),
	(9, 1, -230.289, 23.4747, -757.75, 1, 1, 1, 1, 0, 0, 0, 100, 0),
	(10, 1, -236.034, 23.4747, -759.065, 1, 1, 1, 1, 0, 0, 0, 100, 0),
	(11, 1, -241.996, 23.4747, -759.203, 1, 1, 1, 1, 0, 0, 0, 100, 0),
	(12, 1, -224.317, 23.4747, -757.596, 1, 1, 1, 1, 0, 0, 0, 100, 0),
	(13, 1, -218.22, 23.4747, -757.442, 1, 1, 1, 1, 0, 0, 0, 100, 0),
	(14, 1, -217.606, 23.4747, -750.862, 1, 1, 1, 1, 0, 0, 0, 100, 0),
	(15, 1, -225.307, 23.4747, -751.252, 1, 1, 1, 1, 0, 0, 0, 100, 0),
	(16, 1, -233.204, 23.4747, -751.687, 1, 1, 1, 1, 0, 0, 0, 100, 0),
	(17, 1, -241.355, 23.4747, -753.107, 1, 1, 1, 1, 0, 0, 0, 100, 0),
	(18, 1, -243.617, 29.8747, -754.366, 1, 1, 1, 1, 0, 0, 0, 100, 0),
	(19, 1, -237.649, 29.8747, -758.397, 1, 1, 1, 1, 0, 0, 0, 100, 0),
	(20, 1, -231.873, 29.8747, -758.643, 1, 1, 1, 1, 0, 0, 0, 100, 0),
	(21, 1, -225.074, 29.8747, -758.866, 1, 1, 1, 1, 0, 0, 0, 100, 0),
	(22, 1, -219.213, 29.8747, -757.795, 1, 1, 1, 1, 0, 0, 0, 100, 0),
	(23, 1, -219.606, 29.8747, -751.23, 1, 1, 1, 1, 0, 0, 0, 100, 0),
	(24, 1, -226.886, 36.3747, -757.312, 1, 1, 1, 1, 0, 0, 0, 100, 0),
	(25, 1, -219.868, 36.3747, -754.058, 1, 1, 1, 1, 0, 0, 0, 100, 0),
	(26, 1, -234.348, 36.3747, -757.993, 1, 1, 1, 1, 0, 0, 0, 100, 0),
	(27, 1, -239.987, 36.3747, -752.292, 1, 1, 1, 1, 0, 0, 0, 100, 0),
	(28, 40, -184.158, 43.3433, -685.699, 9.80392, 6.83005, 9.80389, 1, 0, 0, 0, 100, 0),
	(29, 40, -114.466, 43.3433, -682.637, 9.80392, 6.83005, 9.80389, 1, 0, 0, 0, 100, 0),
	(30, 40, -129.937, 42.7127, 63.6286, 9.80392, 6.83005, 9.80389, 1, 0, 0, 0, 100, 0),
	(31, 40, -176.575, 43.3388, 60.9804, 9.80392, 6.83005, 9.80389, 1, 0, 0, 0, 100, 0),
	(32, 40, -217.639, 43.3387, 71.5741, 9.80392, 6.83005, 9.80389, 1, 0, 0, 0, 100, 0),
	(33, 40, -153.656, 42.3813, -8.66638, 9.80392, 6.83005, 9.80389, 1, 0, 0, 0, 100, 0),
	(34, 40, -196.818, 43.3388, 7.30994, 9.80392, 6.83005, 9.80389, 1, 0, 0, 0, 100, 0),
	(35, 40, -271.559, 43.3433, 78.2443, 9.80392, 6.83005, 9.80389, 1, 0, 0, 0, 100, 0),
	(36, 40, -265.872, 43.3433, 32.4379, 9.80392, 6.83005, 9.80389, 1, 0, 0, 0, 100, 0),
	(37, 40, -267.947, 43.3433, -30.9445, 9.80392, 6.83005, 9.80389, 1, 0, 0, 0, 100, 0),
	(38, 40, -229.994, 43.3388, -51.3293, 9.80392, 6.83005, 9.80389, 1, 0, 0, 0, 100, 0),
	(39, 40, -215.389, 43.3388, 28.0068, 9.80392, 6.83005, 9.80389, 1, 0, 0, 0, 100, 0),
	(40, 40, -321.118, 43.3433, 46.4815, 9.80392, 6.83005, 9.80389, 1, 0, 0, 0, 100, 0),
	(41, 40, -235.591, 43.253, 108.671, 9.80392, 6.83005, 9.80389, 1, 0, 0, 0, 100, 0),
	(42, 40, -321.718, 43.3433, 123.029, 9.80392, 6.83005, 9.80389, 1, 0, 0, 0, 100, 0),
	(43, 40, -369.942, 43.3433, 123.979, 9.80392, 6.83005, 9.80389, 1, 0, 0, 0, 100, 0),
	(44, 40, -397.954, 43.3433, 107.123, 9.80392, 6.83005, 9.80389, 1, 0, 0, 0, 100, 0),
	(45, 40, -367.2, 43.3433, 63.735, 9.80392, 6.83005, 9.80389, 1, 0, 0, 0, 100, 0),
	(46, 40, -334.85, 43.3433, 154.343, 9.80392, 6.83005, 9.80389, 1, 0, 0, 0, 100, 0),
	(47, 40, -388.927, 43.3433, 158.102, 9.80392, 6.83005, 9.80389, 1, 0, 0, 0, 100, 0),
	(48, 40, -425.165, 43.3433, 155.517, 9.80392, 6.83005, 9.80389, 1, 0, 0, 0, 100, 0),
	(49, 40, -467.749, 43.3433, 148.999, 9.80392, 6.83005, 9.80389, 1, 0, 0, 0, 100, 0),
	(50, 40, -346.757, 43.3433, 183.426, 9.80392, 6.83005, 9.80389, 1, 0, 0, 0, 100, 0),
	(51, 40, -418.493, 43.3433, 203.426, 9.80392, 6.83005, 9.80389, 1, 0, 0, 0, 100, 0),
	(52, 40, -473.353, 43.3433, 214.571, 9.80392, 6.83005, 9.80389, 1, 0, 0, 0, 100, 0),
	(53, 40, -519.242, 43.3433, 204.785, 9.80392, 6.83005, 9.80389, 1, 0, 0, 0, 100, 0),
	(54, 40, -405.9, 43.3433, 243.944, 9.80392, 6.83005, 9.80389, 1, 0, 0, 0, 100, 0),
	(55, 40, -467.706, 43.3388, 256.478, 9.80392, 6.83005, 9.80389, 1, 0, 0, 0, 100, 0),
	(56, 40, -498.851, 43.3388, 275.602, 9.80392, 6.83005, 9.80389, 1, 0, 0, 0, 100, 0),
	(57, 40, -540.962, 43.3433, 245.43, 9.80392, 6.83005, 9.80389, 1, 0, 0, 0, 100, 0),
	(58, 40, -454.111, 43.3388, 288.377, 9.80392, 6.83005, 9.80389, 1, 0, 0, 0, 100, 0),
	(59, 40, -383.596, 43.3387, 304.565, 9.80392, 6.83005, 9.80389, 1, 0, 0, 0, 100, 0),
	(60, 40, -381.224, 43.3433, 345.587, 9.80392, 6.83005, 9.80389, 1, 0, 0, 0, 100, 0),
	(61, 40, -557.25, 43.3433, 288.131, 9.80392, 6.83005, 9.80389, 1, 0, 0, 0, 100, 0),
	(62, 40, -510.689, 43.3388, 344.793, 9.80392, 6.83005, 9.80389, 1, 0, 0, 0, 100, 0),
	(63, 40, -635.742, 43.3433, 259.954, 9.80392, 6.83005, 9.80389, 1, 0, 0, 0, 100, 0),
	(64, 40, -523.319, 43.3525, 405.934, 9.80392, 6.83005, 9.80389, 1, 0, 0, 0, 100, 0),
	(65, 40, -455.943, 43.4243, 413.168, 9.80392, 6.83005, 9.80389, 1, 0, 0, 0, 100, 0),
	(66, 40, -573.444, 43.3433, 393.593, 9.80392, 6.83005, 9.80389, 1, 0, 0, 0, 100, 0),
	(67, 40, -621.593, 43.3433, 363.402, 9.80392, 6.83005, 9.80389, 1, 0, 0, 0, 100, 0),
	(68, 40, -677.687, 43.3462, 305.223, 9.80392, 6.83005, 9.80389, 1, 0, 0, 0, 100, 0),
	(69, 40, -646.351, 43.3433, 395.919, 9.80392, 6.83005, 9.80389, 1, 0, 0, 0, 100, 0),
	(70, 40, -611.103, 43.3433, 427.076, 9.80392, 6.83005, 9.80389, 1, 0, 0, 0, 100, 0),
	(71, 40, -586.725, 43.3463, 469.421, 9.80392, 6.83005, 9.80389, 1, 0, 0, 0, 100, 0),
	(72, 40, -574.087, 43.3621, 502.567, 9.80392, 6.83005, 9.80389, 1, 0, 0, 0, 100, 0),
	(73, 40, -447.505, 43.6907, 478.38, 9.80392, 6.83005, 9.80389, 1, 0, 0, 0, 100, 0),
	(74, 8, -879.265, 27.8433, 751.864, 24.5098, 12.866, 8.36896, 1, 0, 0, 0, 100, 0),
	(75, 8, -829.252, 27.8433, 752.818, 24.5098, 12.866, 8.36896, 1, 0, 0, 0, 100, 0),
	(76, 8, -756.218, 27.8433, 752.559, 24.5098, 12.866, 8.36896, 1, 0, 0, 0, 100, 0),
	(77, 8, -697.326, 27.8433, 753.013, 24.5098, 12.866, 8.36896, 1, 0, 0, 0, 100, 0),
	(78, 8, -643.442, 27.8433, 790.096, 24.5098, 12.866, 8.36896, 1, 0, 90, 0, 100, 0),
	(79, 8, -642.158, 27.8825, 854.014, 24.5098, 12.866, 8.36896, 1, 0, 90, 0, 100, 0),
	(88, 45, 593.617, 19.8433, 27.17, 9.85056, 9.09633, 9.95564, 1, 0, 90, 0, 100, 0),
	(92, 46, 584.937, 30.3433, 39.8035, 4.90195, 9.80392, 14.7059, 1, 0, 0, 0, 100, 0),
	(93, 46, 589.814, 21.3633, 22.011, 1, 1, 1, 1, 0, 0, 0, 100, 0),
	(94, 46, 587.089, 21.3633, 21.8669, 1, 1, 1, 1, 0, 0, 0, 100, 0),
	(95, 46, 588.776, 21.3633, 19.3914, 1, 1, 1, 1, 0, 0, 0, 100, 0),
	(96, 46, 586.822, 23.4633, 22.2751, 1, 1, 1, 1, 0, 0, 0, 100, 0),
	(97, 46, 589.197, 23.4633, 21.9338, 1, 1, 1, 1, 0, 0, 0, 100, 0),
	(98, 7, 613.74, 23.2285, 5.04285, 1, 1, 1, 1, 0, 0, 45, 100, 0),
	(99, 7, 617.294, 24.0136, 5.58868, 1, 1, 1, 1, 0, 0, 90, 100, 0),
	(100, 7, 588.268, 20.7533, 6.21997, 1, 1, 1, 1, 0, 0, 0, 100, 0),
	(101, 7, 588.397, 21.7533, 6.10138, 1, 1, 1, 1, 0, 0, 0, 100, 0),
	(102, 7, 586.088, 22.7533, 6.52704, 1, 1, 1, 1, 0, 0, 0, 100, 0),
	(103, 7, 586.839, 23.7533, 6.63782, 1, 1, 1, 1, 0, 0, 0, 100, 0),
	(104, 7, 587.817, 24.7533, 6.70874, 1, 1, 1, 1, 0, 0, 0, 100, 0);
/*!40000 ALTER TABLE `world` ENABLE KEYS */;
/*!40101 SET SQL_MODE=IFNULL(@OLD_SQL_MODE, '') */;
/*!40014 SET FOREIGN_KEY_CHECKS=IF(@OLD_FOREIGN_KEY_CHECKS IS NULL, 1, @OLD_FOREIGN_KEY_CHECKS) */;
/*!40101 SET CHARACTER_SET_CLIENT=@OLD_CHARACTER_SET_CLIENT */;
