-- --------------------------------------------------------
-- Host:                         127.0.0.1
-- Server version:               5.0.67-community-nt - MySQL Community Edition (GPL)
-- Server OS:                    Win32
-- HeidiSQL Version:             9.3.0.4984
-- --------------------------------------------------------

/*!40101 SET @OLD_CHARACTER_SET_CLIENT=@@CHARACTER_SET_CLIENT */;
/*!40101 SET NAMES utf8 */;
/*!40014 SET @OLD_FOREIGN_KEY_CHECKS=@@FOREIGN_KEY_CHECKS, FOREIGN_KEY_CHECKS=0 */;
/*!40101 SET @OLD_SQL_MODE=@@SQL_MODE, SQL_MODE='NO_AUTO_VALUE_ON_ZERO' */;

-- Dumping database structure for avalon
CREATE DATABASE IF NOT EXISTS `avalon` /*!40100 DEFAULT CHARACTER SET utf8 */;
USE `avalon`;


-- Dumping structure for table avalon.bots
CREATE TABLE IF NOT EXISTS `bots` (
  `ID` int(11) NOT NULL auto_increment,
  `MeshID` int(11) default NULL,
  `X` int(11) default NULL,
  `Y` int(11) default NULL,
  `Z` int(11) default NULL,
  PRIMARY KEY  (`ID`)
) ENGINE=MyISAM AUTO_INCREMENT=22 DEFAULT CHARSET=utf8;

-- Dumping data for table avalon.bots: 21 rows
/*!40000 ALTER TABLE `bots` DISABLE KEYS */;
INSERT INTO `bots` (`ID`, `MeshID`, `X`, `Y`, `Z`) VALUES
	(1, 35, -600, 26, 350),
	(2, 35, -500, 26, 360),
	(3, 35, -430, 26, 373),
	(4, 35, -374, 26, 238),
	(5, 35, -384, 26, 131),
	(6, 35, -307, 26, -27),
	(7, 35, -177, 26, -22),
	(8, 35, -139, 26, -108),
	(9, 35, -176, 26, -113),
	(10, 35, -251, 26, 350),
	(11, 35, -110, 26, -715),
	(12, 35, 603, 26, 1),
	(13, 35, 612, 26, 49),
	(14, 35, -636, 26, 564),
	(15, 35, -745, 26, 527),
	(16, 35, -694, 26, 390),
	(17, 35, -405, 26, 299),
	(18, 35, -307, 26, 664),
	(19, 35, 233, 26, 812),
	(20, 35, -64, 26, 805),
	(21, 35, -12, 26, 704);
/*!40000 ALTER TABLE `bots` ENABLE KEYS */;


-- Dumping structure for table avalon.bounds
CREATE TABLE IF NOT EXISTS `bounds` (
  `ID` int(11) NOT NULL auto_increment,
  `x` float NOT NULL default '0',
  `y` float NOT NULL default '0',
  `z` float NOT NULL default '0',
  `width` float NOT NULL default '0',
  `height` float NOT NULL default '0',
  `deep` float NOT NULL default '0',
  `RotX` float NOT NULL default '0',
  `RotY` float NOT NULL default '0',
  `RotZ` float NOT NULL default '0',
  `type` int(11) NOT NULL default '0',
  `worldID` int(11) default NULL,
  PRIMARY KEY  (`ID`)
) ENGINE=MyISAM AUTO_INCREMENT=263 DEFAULT CHARSET=utf8;

-- Dumping data for table avalon.bounds: 194 rows
/*!40000 ALTER TABLE `bounds` DISABLE KEYS */;
INSERT INTO `bounds` (`ID`, `x`, `y`, `z`, `width`, `height`, `deep`, `RotX`, `RotY`, `RotZ`, `type`, `worldID`) VALUES
	(5, -63.9766, 40.3433, -711.227, 57, 40, 68, 0, 0, 0, 3, -1),
	(6, 71.3461, 40.3433, -710.143, 57, 40, 68, 0, 0, 0, 3, -1),
	(7, 193.883, 40.3433, -711.257, 57, 40, 68, 0, 0, 0, 3, -1),
	(8, 305.444, 40.3619, -710.056, 57, 40, 68, 0, 0, 0, 3, -1),
	(9, 336.948, 25.3626, -739.494, 5, 10, 5, 0, 45, 0, 3, -1),
	(10, 225.794, 25.3433, -740.271, 4.99997, 10, 5, 0, 45, 0, 3, -1),
	(11, 103.777, 25.3433, -739.475, 4.99999, 10, 5, 0, 45, 0, 3, -1),
	(13, -31.7476, 25.3433, -739.903, 4.99998, 10, 5, 0, 45, 0, 3, -1),
	(14, -193.018, 25.3433, -739.992, 4.99997, 10, 5, 0, 45, 0, 3, -1),
	(15, -146.22, 22.4433, -691.044, 49.9998, 4.2, 1, 0, 0, 0, 3, -1),
	(16, -146.48, 22.4433, -739.272, 49.9998, 4.2, 1, 0, 0, 0, 3, -1),
	(17, -122.383, 22.4433, -715.16, 1, 4.2, 47.999, 0, 0, 0, 3, -1),
	(18, -170.406, 22.4433, -714.896, 1, 4.2, 47.999, 0, 0, 0, 3, -1),
	(19, -146.875, 21.4433, -715.828, 48, 2.2, 48, 0, 0, 0, 3, -1),
	(20, -230.289, 23.4747, -757.75, 5.42639, 6.2628, 5.42639, 0, 0, 0, 1, 9),
	(21, -236.034, 23.4747, -759.065, 5.42639, 6.2628, 5.42639, 0, 0, 0, 1, 10),
	(22, -241.996, 23.4747, -759.203, 5.42639, 6.2628, 5.42639, 0, 0, 0, 1, 11),
	(23, -224.317, 23.4747, -757.596, 5.42639, 6.2628, 5.42639, 0, 0, 0, 1, 12),
	(24, -218.22, 23.4747, -757.442, 5.42639, 6.2628, 5.42639, 0, 0, 0, 1, 13),
	(25, -217.606, 23.4747, -750.862, 5.42639, 6.2628, 5.42639, 0, 0, 0, 1, 14),
	(26, -225.307, 23.4747, -751.252, 5.42639, 6.2628, 5.42639, 0, 0, 0, 1, 15),
	(27, -233.204, 23.4747, -751.687, 5.42639, 6.2628, 5.42639, 0, 0, 0, 1, 16),
	(28, -241.355, 23.4747, -753.107, 5.42639, 6.2628, 5.42639, 0, 0, 0, 1, 17),
	(29, -243.617, 29.8747, -754.366, 5.42639, 6.2628, 5.42639, 0, 0, 0, 1, 18),
	(30, -237.649, 29.8747, -758.397, 5.42639, 6.2628, 5.42639, 0, 0, 0, 1, 19),
	(31, -231.873, 29.8747, -758.643, 5.42639, 6.2628, 5.42639, 0, 0, 0, 1, 20),
	(32, -225.074, 29.8747, -758.866, 5.42639, 6.2628, 5.42639, 0, 0, 0, 1, 21),
	(33, -219.213, 29.8747, -757.795, 5.42639, 6.2628, 5.42639, 0, 0, 0, 1, 22),
	(34, -219.606, 29.8747, -751.23, 5.42639, 6.2628, 5.42639, 0, 0, 0, 1, 23),
	(35, -226.886, 36.3747, -757.312, 5.42639, 6.2628, 5.42639, 0, 0, 0, 1, 24),
	(36, -219.868, 36.3747, -754.058, 5.42639, 6.2628, 5.42639, 0, 0, 0, 1, 25),
	(37, -234.348, 36.3747, -757.993, 5.42639, 6.2628, 5.42639, 0, 0, 0, 1, 26),
	(38, -239.987, 36.3747, -752.292, 5.42639, 6.2628, 5.42639, 0, 0, 0, 1, 27),
	(39, -879.265, 27.8433, 751.864, 50, 15, 6.99976, 0, 0, 0, 0, 74),
	(40, -829.252, 27.8433, 752.818, 50, 15, 6.99976, 0, 0, 0, 0, 75),
	(41, -756.218, 27.8433, 752.559, 50, 15, 6.99976, 0, 0, 0, 0, 76),
	(42, -697.326, 27.8433, 753.013, 50, 15, 6.99976, 0, 0, 0, 0, 77),
	(43, -643.442, 27.8433, 790.096, 50, 15, 6.99976, 0, 90, 0, 0, 78),
	(44, -642.158, 27.8825, 854.014, 50, 15, 6.99976, 0, 90, 0, 0, 79),
	(60, -196.328, 27.8388, 7.21545, 7, 15, 7, 0, 0, 0, 3, -1),
	(61, -153.669, 26.8774, -9.17712, 7, 15, 7, 0, 0, 0, 3, -1),
	(62, -130.361, 27.2563, 64.192, 7.00001, 15, 7, 0, 0, 0, 3, -1),
	(63, -176.008, 27.8387, 60.9127, 7, 15, 7, 0, 0, 0, 3, -1),
	(64, -215.113, 27.8388, 28.6463, 7, 15, 7, 0, 0, 0, 3, -1),
	(65, -230.122, 27.8388, -51.8462, 7, 15, 7, 0, 0, 0, 3, -1),
	(66, -267.992, 27.8433, -30.4781, 7, 15, 7, 0, 0, 0, 3, -1),
	(67, -265.924, 27.8433, 31.4955, 7, 15, 7, 0, 0, 0, 3, -1),
	(68, -218.861, 27.8388, 70.1061, 7, 15, 7, 0, 0, 0, 3, -1),
	(69, -236.132, 27.7756, 107.492, 7, 15, 7, 0, 0, 0, 3, -1),
	(70, -270.111, 27.8433, 77.3103, 7, 15, 7, 0, 0, 0, 3, -1),
	(71, -321.069, 27.8433, 46.7737, 7, 15, 7, 0, 0, 0, 3, -1),
	(72, -367.373, 27.8433, 63.9088, 7, 15, 7, 0, 0, 0, 3, -1),
	(73, -397.546, 27.8433, 106.858, 7, 15, 7, 0, 0, 0, 3, -1),
	(74, -369.851, 27.8433, 123.888, 7, 15, 7, 0, 0, 0, 3, -1),
	(75, -424.88, 27.8433, 155.319, 7, 15, 7, 0, 0, 0, 3, -1),
	(76, -467.388, 27.8433, 149.045, 7, 15, 7, 0, 0, 0, 3, -1),
	(77, -473.363, 27.8433, 215.26, 7, 15, 7, 0, 0, 0, 3, -1),
	(78, -519.199, 27.8433, 204.194, 7, 15, 7, 0, 0, 0, 3, -1),
	(79, -539.97, 27.8433, 245.089, 7, 15, 7, 0, 0, 0, 3, -1),
	(80, -634.907, 27.8433, 259.862, 7, 15, 7, 0, 0, 0, 3, -1),
	(81, -676.987, 27.8471, 304.453, 7, 15, 7, 0, 0, 0, 3, -1),
	(82, -646.772, 27.8433, 396.301, 7, 15, 7, 0, 0, 0, 3, -1),
	(83, -622.247, 27.8433, 362.846, 7, 15, 7, 0, 0, 0, 3, -1),
	(84, -611.221, 27.8433, 426.786, 7, 15, 7, 0, 0, 0, 3, -1),
	(86, -572.891, 27.8433, 394.088, 7, 15, 7, 0, 0, 0, 3, -1),
	(87, -586.761, 27.8468, 469.941, 7, 15, 7, 0, 0, 0, 3, -1),
	(88, -573.58, 27.8626, 502.481, 7, 15, 7, 0, 0, 0, 3, -1),
	(89, -524.153, 27.8525, 407.163, 7, 15, 7, 0, 0, 0, 3, -1),
	(90, -557.109, 27.8433, 287.994, 7, 15, 7, 0, 0, 0, 3, -1),
	(91, -510.413, 27.8388, 344.901, 7, 15, 7, 0, 0, 0, 3, -1),
	(93, -499.297, 27.8388, 275.448, 7, 15, 7, 0, 0, 0, 3, -1),
	(94, -453.364, 27.8388, 288.076, 7, 15, 7, 0, 0, 0, 3, -1),
	(95, -467.866, 27.8388, 256.138, 7, 15, 7, 0, 0, 0, 3, -1),
	(96, -405.623, 27.8433, 243.664, 7, 15, 7, 0, 0, 0, 3, -1),
	(97, -418.847, 27.8433, 203.357, 7, 15, 7, 0, 0, 0, 3, -1),
	(98, -388.657, 27.8433, 157.534, 7, 15, 7, 0, 0, 0, 3, -1),
	(99, -346.264, 27.8433, 183.495, 7, 15, 7, 0, 0, 0, 3, -1),
	(100, -334.356, 27.8433, 154.627, 7, 15, 7, 0, 0, 0, 3, -1),
	(101, -321.549, 27.8433, 123.212, 7, 15, 7, 0, 0, 0, 3, -1),
	(102, -383.412, 27.8387, 304.731, 7, 15, 7, 0, 0, 0, 3, -1),
	(103, -380.902, 27.8433, 345.846, 7, 15, 7, 0, 0, 0, 3, -1),
	(104, -455.751, 27.9244, 413.095, 7, 15, 7, 0, 0, 0, 3, -1),
	(105, -447.539, 28.1927, 478.831, 7, 15, 7, 0, 0, 0, 3, -1),
	(107, -184.189, 27.8433, -685.457, 7, 15, 7, 0, 0, 0, 3, -1),
	(108, -113.806, 27.8433, -682.52, 7.00001, 15, 7, 0, 0, 0, 3, -1),
	(111, -225.352, 40.3433, -711.436, 57.0006, 40, 67.9987, 0, 0, 0, 3, -1),
	(115, 593.735, 30.4331, -16.0293, 89.9983, 20, 1.02, 0, 0, 0, 3, -1),
	(116, 593.541, 30.3433, 69.3724, 89.9983, 20, 1.02, 0, 0, 0, 3, -1),
	(117, 639.621, 30.3433, 28.0529, 2, 20, 85, 0, 0, 0, 3, -1),
	(118, 548.338, 30.3433, 9.15302, 2, 20, 50, 0, 0, 0, 3, -1),
	(119, 548.622, 30.3433, 59.6711, 2, 20, 17, 0, 0, 0, 3, -1),
	(123, 618.818, 24.3433, 20.5286, 1.02002, 8, 10.0001, 0, 0, 0, 3, -1),
	(124, 629.215, 24.3433, 15.8953, 20.0001, 8, 1, 0, 0, 0, 3, -1),
	(125, 628.574, 24.3433, 34.0009, 20.0001, 8, 1, 0, 0, 0, 3, -1),
	(126, 627.943, 22.3433, 0.171082, 20, 4, 1, 0, 0, 0, 3, -1),
	(127, 618.564, 22.3433, 5.26843, 1, 4, 10, 0, 0, 0, 3, -1),
	(128, 619.029, 22.3537, -9.17419, 1, 4, 10, 0, 0, 0, 3, -1),
	(129, 619.076, 22.3433, 38.8514, 1, 4, 10, 0, 0, 0, 3, -1),
	(130, 618.861, 22.3433, 56.2255, 1, 4, 10, 0, 0, 0, 3, -1),
	(131, 628.71, 22.3433, 51.8654, 20, 4, 1, 0, 0, 0, 3, -1),
	(132, 584.937, 30.3433, 39.8035, 10, 20, 30, 0, 0, 0, 0, 92),
	(133, 589.814, 21.3633, 22.011, 2.04004, 2.04, 2.04, 0, 0, 0, 1, 93),
	(134, 587.089, 21.3633, 21.8669, 2.04004, 2.04, 2.04, 0, 0, 0, 1, 94),
	(135, 588.776, 21.3633, 19.3914, 2.04004, 2.04, 2.04, 0, 0, 0, 1, 95),
	(136, 586.822, 23.4633, 22.2751, 2.04004, 2.04, 2.04, 0, 0, 0, 1, 96),
	(137, 589.197, 23.4633, 21.9338, 2.04004, 2.04, 2.04, 0, 0, 0, 1, 97),
	(138, 613.74, 23.2285, 5.04285, 7.34058, 0.819923, 7.20754, 0, 0, 45, 0, 98),
	(139, 617.294, 24.0136, 5.58868, 7.34058, 0.819923, 7.20754, 0, 0, 90, 0, 99),
	(140, 588.268, 20.7533, 6.21997, 7.34058, 0.819923, 7.20754, 0, 0, 0, 1, 100),
	(141, 588.397, 21.7533, 6.10138, 7.34058, 0.819923, 7.20754, 0, 0, 0, 1, 101),
	(142, 586.088, 22.7533, 6.52704, 7.34058, 0.819923, 7.20754, 0, 0, 0, 1, 102),
	(143, 586.839, 23.7533, 6.63782, 7.34058, 0.819923, 7.20754, 0, 0, 0, 1, 103),
	(144, 587.817, 24.7533, 6.70874, 7.34058, 0.819923, 7.20754, 0, 0, 0, 1, 104),
	(145, 547.593, 45.3433, 9.77612, 1, 10, 50, 0, 0, 0, 3, -1),
	(147, 548.311, 30.3433, 68.9296, 2.03992, 20, 2.03999, 0, 0, 0, 3, -1),
	(149, 640.011, 30.3673, -16.2454, 2.03992, 20, 2.03999, 0, 0, 0, 3, -1),
	(151, 229.048, 40.3433, -527.915, 57.0006, 40, 67.9987, 0, 0, 0, 3, -1),
	(152, 241.27, 40.3496, -398.447, 57.0006, 40, 67.9987, 0, 0, 0, 3, -1),
	(154, 156.827, 40.3433, -400.32, 57.0006, 40, 67.9987, 0, 0, 0, 3, -1),
	(155, 47.5612, 40.3433, -405.431, 57.0006, 40, 67.9987, 0, 0, 0, 3, -1),
	(157, -52.2507, 40.3433, -420.766, 57.0006, 40, 67.9987, 0, 0, 0, 3, -1),
	(159, -147.999, 40.3433, -425.666, 57.0006, 40, 67.9987, 0, 0, 0, 3, -1),
	(160, -158.593, 40.3433, -521.256, 57.0006, 40, 67.9987, 0, 0, 0, 3, -1),
	(161, -58.5708, 40.3433, -523.544, 57.0006, 40, 67.9987, 0, 0, 0, 3, -1),
	(165, 35.2179, 40.3433, -528.936, 57.0006, 40, 67.9987, 0, 0, 0, 3, -1),
	(167, 133.538, 40.3433, -530.537, 57.0006, 40, 67.9987, 0, 0, 0, 3, -1),
	(168, -116.522, 25.3433, -454.339, 5.00001, 10, 4.99988, 0, 675, 0, 3, -1),
	(169, -90.2571, 25.3433, -494.977, 5.00001, 10, 4.99988, 0, 45, 0, 3, -1),
	(170, -189.119, 25.3433, -492.834, 5.00003, 10, 4.99988, 0, 45, 0, 3, -1),
	(171, -20.2422, 25.3433, -449.765, 5.00001, 10, 4.99988, 0, 45, 0, 3, -1),
	(172, 2.91235, 25.3433, -500.397, 5.00002, 10, 4.99988, 0, 45, 0, 3, -1),
	(173, 79.1799, 25.3433, -434.851, 5.00001, 10, 4.99988, 0, 45, 0, 3, -1),
	(174, 101.356, 25.3433, -502.351, 5.00001, 10, 4.99988, 0, 45, 0, 3, -1),
	(175, 197.655, 25.3433, -498.702, 5.00003, 10, 4.99988, 0, 45, 0, 3, -1),
	(176, 189.151, 25.3433, -428.329, 5.00003, 10, 4.99988, 0, 45, 0, 3, -1),
	(177, 272.767, 25.8843, -426.798, 5, 10, 4.99988, 0, 45, 0, 3, -1),
	(183, -134.758, 30.3433, 741.769, 10.0001, 20, 14.0001, 0, 0, 0, 3, -1),
	(184, -177.798, 30.3433, 731.738, 10.0001, 20, 14.0001, 0, 0, 0, 3, -1),
	(185, -156.041, 30.3433, 712.268, 10.0001, 20, 14.0001, 0, 90, 0, 3, -1),
	(186, -155.892, 30.3433, 753.011, 10.0001, 20, 14.0001, 0, 90, 0, 3, -1),
	(189, -82.762, 27.8433, 739.209, 3, 15, 3.00012, 0, 0, 0, 3, -1),
	(190, -68.6052, 27.8433, 724.443, 3, 15, 3.00012, 0, 0, 0, 3, -1),
	(191, -82.1599, 27.8433, 696.138, 3, 15, 3.00012, 0, 0, 0, 3, -1),
	(192, -100.403, 27.8433, 676.034, 3, 15, 3.00012, 0, 0, 0, 3, -1),
	(193, -178.715, 27.8479, 688.629, 3, 15, 3.00012, 0, 0, 0, 3, -1),
	(194, -214.245, 27.8955, 674.706, 3, 15, 3.00012, 0, 0, 0, 3, -1),
	(198, -220.943, 27.8538, 727.632, 3, 15, 3.00012, 0, 0, 0, 3, -1),
	(200, -273.943, 27.9775, 699.056, 3, 15, 3.00012, 0, 0, 0, 3, -1),
	(202, -255.697, 27.8603, 748.426, 3, 15, 3.00012, 0, 0, 0, 3, -1),
	(206, -267.084, 27.8433, 783.9, 3, 15, 3.00012, 0, 0, 0, 3, -1),
	(207, -313.456, 27.8553, 825.609, 3, 15, 3.00012, 0, 0, 0, 3, -1),
	(208, -265.305, 27.8683, 828.618, 3, 15, 3.00012, 0, 0, 0, 3, -1),
	(209, -211.059, 27.8433, 776.827, 3, 15, 3.00012, 0, 0, 0, 3, -1),
	(211, -206.137, 27.8695, 829.474, 3, 15, 3.00012, 0, 0, 0, 3, -1),
	(212, -166.838, 27.8479, 811.298, 3, 15, 3.00012, 0, 0, 0, 3, -1),
	(213, -123.185, 27.8433, 767.471, 3, 15, 3.00012, 0, 0, 0, 3, -1),
	(214, -113.389, 27.8479, 809.016, 3, 15, 3.00012, 0, 0, 0, 3, -1),
	(216, -62.8797, 28.0841, 841.793, 3, 15, 3.00012, 0, 0, 0, 3, -1),
	(218, -71.7504, 27.8433, 789.482, 3, 15, 3.00012, 0, 0, 0, 3, -1),
	(220, -35.9138, 27.8433, 775.602, 3, 15, 3.00012, 0, 0, 0, 3, -1),
	(222, 1.16846, 27.8466, 828.627, 3, 15, 3.00012, 0, 0, 0, 3, -1),
	(223, -3.0592, 27.8433, 754.007, 3, 15, 3.00012, 0, 0, 0, 3, -1),
	(224, -330.263, 27.885, 761.386, 3, 15, 3.00012, 0, 0, 0, 3, -1),
	(225, -217.013, 27.9014, 675.041, 3, 15, 3.00012, 0, 0, 0, 3, -1),
	(227, -837.966, 27.8479, 874.571, 3.00012, 15, 3.00012, 0, 0, 0, 3, -1),
	(228, -838.714, 27.8433, 855.08, 3.00012, 15, 3.00012, 0, 0, 0, 3, -1),
	(229, -869.385, 27.8433, 855.312, 3.00012, 15, 3.00012, 0, 0, 0, 3, -1),
	(230, -873.306, 27.8479, 830.219, 3.00012, 15, 3.00012, 0, 0, 0, 3, -1),
	(231, -883.07, 27.8479, 781.501, 3.00012, 15, 3.00012, 0, 0, 0, 3, -1),
	(232, -717.172, 27.8433, 769.678, 3.00012, 15, 3.00012, 0, 0, 0, 3, -1),
	(233, -680.435, 27.8433, 787.079, 3.00012, 15, 3.00012, 0, 0, 0, 3, -1),
	(234, -671.016, 27.8479, 840.806, 3.00012, 15, 3.00012, 0, 0, 0, 3, -1),
	(235, -570.693, 27.8433, 783.277, 3.00012, 15, 3.00012, 0, 0, 0, 3, -1),
	(236, -525.519, 27.8433, 768.384, 3.00012, 15, 3.00012, 0, 0, 0, 3, -1),
	(237, -441.688, 28.2023, 665.745, 3.00006, 15, 3.00012, 0, 0, 0, 3, -1),
	(238, -545.473, 27.9056, 644.927, 3.00012, 15, 3.00012, 0, 0, 0, 3, -1),
	(239, -542.1, 27.8615, 700.807, 3.00012, 15, 3.00012, 0, 0, 0, 3, -1),
	(240, -573.895, 27.8497, 675.537, 3.00012, 15, 3.00012, 0, 0, 0, 3, -1),
	(242, -606.511, 27.8433, 720.685, 3.00012, 15, 3.00012, 0, 0, 0, 3, -1),
	(243, -710.714, 27.8433, 701.218, 3.00012, 15, 3.00012, 0, 0, 0, 3, -1),
	(244, -753.192, 27.8433, 708.204, 3.00012, 15, 3.00012, 0, 0, 0, 3, -1),
	(245, -733.682, 27.8433, 643.953, 3.00012, 15, 3.00012, 0, 0, 0, 3, -1),
	(246, -684.63, 27.8433, 573.458, 3.00012, 15, 3.00012, 0, 0, 0, 3, -1),
	(247, -727.783, 27.8433, 564.264, 3.00012, 15, 3.00012, 0, 0, 0, 3, -1),
	(248, -738.583, 27.8433, 482.454, 3.00012, 15, 3.00006, 0, 0, 0, 3, -1),
	(249, -715.682, 27.8433, 473.893, 3.00012, 15, 3.00006, 0, 0, 0, 3, -1),
	(250, -721.936, 27.8433, 396.899, 3.00012, 15, 3.00006, 0, 0, 0, 3, -1),
	(251, -685.681, 27.8433, 418.376, 3.00012, 15, 3.00006, 0, 0, 0, 3, -1),
	(252, -678.513, 27.8433, 499.008, 3.00012, 15, 3.00006, 0, 0, 0, 3, -1),
	(253, -665.51, 27.8433, 516.425, 3.00012, 15, 3.00012, 0, 0, 0, 3, -1),
	(254, -654.272, 27.8433, 543.923, 3.00012, 15, 3.00012, 0, 0, 0, 3, -1),
	(256, -645.799, 27.8433, 522.939, 3.00012, 15, 3.00012, 0, 0, 0, 3, -1),
	(258, -611.747, 27.8433, 561.72, 3.00012, 15, 3.00012, 0, 0, 0, 3, -1),
	(259, -567.151, 27.8898, 582.046, 3.00012, 15, 3.00012, 0, 0, 0, 3, -1);
/*!40000 ALTER TABLE `bounds` ENABLE KEYS */;


-- Dumping structure for table avalon.loot
CREATE TABLE IF NOT EXISTS `loot` (
  `ID` int(11) NOT NULL auto_increment,
  `X` double NOT NULL default '0',
  `Y` double NOT NULL default '0',
  `Z` double NOT NULL default '0',
  `RotX` double NOT NULL default '0',
  `RotY` double NOT NULL default '0',
  `RotZ` double NOT NULL default '0',
  `Type` int(11) NOT NULL default '0',
  `Value` double NOT NULL default '0',
  PRIMARY KEY  (`ID`)
) ENGINE=MyISAM AUTO_INCREMENT=9 DEFAULT CHARSET=utf8;

-- Dumping data for table avalon.loot: 5 rows
/*!40000 ALTER TABLE `loot` DISABLE KEYS */;
INSERT INTO `loot` (`ID`, `X`, `Y`, `Z`, `RotX`, `RotY`, `RotZ`, `Type`, `Value`) VALUES
	(1, -681, 26, 860, 0, 0, 0, 1, 25),
	(2, -709, 26, 863, 0, 0, 0, 0, 25),
	(3, -744, 26, 866, 0, 0, 0, 1, 25),
	(4, -771, 26, 869, 0, 0, 0, 0, 25),
	(5, -159, 26, 731, 0, 0, 0, 0, 75),
	(6, 626, 26, 24, 0, 0, 0, 2, 50),
	(7, 626, 26, 43, 0, 0, 0, 0, 100),
	(8, 556, 26, -7, 0, 0, 0, 1, 100);
/*!40000 ALTER TABLE `loot` ENABLE KEYS */;


-- Dumping structure for table avalon.models
CREATE TABLE IF NOT EXISTS `models` (
  `ID` int(11) NOT NULL auto_increment,
  `Name` varchar(100) NOT NULL default '0',
  `MeshName` varchar(100) NOT NULL default '0',
  `Width` float NOT NULL default '0',
  `Height` float NOT NULL default '0',
  `Depth` float NOT NULL default '0',
  `Type` int(11) NOT NULL default '0',
  PRIMARY KEY  (`ID`),
  UNIQUE KEY `MeshName` (`MeshName`),
  UNIQUE KEY `Name` (`Name`)
) ENGINE=MyISAM AUTO_INCREMENT=49 DEFAULT CHARSET=utf8;

-- Dumping data for table avalon.models: 22 rows
/*!40000 ALTER TABLE `models` DISABLE KEYS */;
INSERT INTO `models` (`ID`, `Name`, `MeshName`, `Width`, `Height`, `Depth`, `Type`) VALUES
	(1, 'Barrel', 'Barrel.mesh', 5.4264, 6.2628, 5.4264, 0),
	(2, 'Column', 'column.mesh', 47.94, 450.84, 47.94, 0),
	(3, 'Fish', 'fish.mesh', 7.51718, 3.13848, 3.51827, 0),
	(4, 'Penguin', 'penguin.mesh', 63.0057, 47.9906, 49.2714, 0),
	(5, 'Robot', 'robot.mesh', 32.7677, 103.706, 50.0744, 1),
	(6, 'Cottage', 'tudorhouse.mesh', 689.504, 1143.27, 747.569, 0),
	(7, 'Pallet', 'WoodPallet.mesh', 7.34064, 0.819923, 7.20754, 0),
	(8, 'Barrier1', 'barrier1.mesh', 2.04, 1.16586, 2.37536, 0),
	(9, 'Container', 'container.mesh', 3.85968, 1.785, 2.04, 0),
	(10, 'nxogre.playpen', 'nxogre.playpen.mesh', 10.2, 2.55, 10.2, 0),
	(11, 'nxogre.platform', 'nxogre.platform.mesh', 108.12, 5.30075, 108.12, 0),
	(12, 'weight1', 'weight1.mesh', 3.06204, 0.612, 1.02, 0),
	(13, 'weight2', 'weight2.mesh', 6.1404, 2.05632, 2.05632, 0),
	(14, 'Mikki', 'Mikki.mesh', 68.8093, 314.871, 105.8, 0),
	(34, 'cube.1m', 'cube.1m.mesh', 0, 0, 0, 0),
	(35, 'sinbad', 'sinbad.mesh', 0, 0, 0, 1),
	(40, 'spruce', 'spruce.mesh', 0, 0, 0, 0),
	(41, 'Column-Red', 'Column-Red.mesh', 0, 0, 0, 0),
	(45, 'Barn', 'Barn.mesh', 0, 0, 0, 0),
	(46, 'Crate', 'Crate.mesh', 0, 0, 0, 0),
	(47, 'athene', 'athene.mesh', 0, 0, 0, 0),
	(48, 'Foliage_Trees_01', 'Foliage_Trees_01.mesh', 0, 0, 0, 0);
/*!40000 ALTER TABLE `models` ENABLE KEYS */;


-- Dumping structure for table avalon.world
CREATE TABLE IF NOT EXISTS `world` (
  `ID` int(11) NOT NULL auto_increment,
  `ModelID` int(11) NOT NULL default '0',
  `x` float NOT NULL default '0',
  `y` float NOT NULL default '0',
  `z` float NOT NULL default '0',
  `Width` float NOT NULL default '0',
  `Height` float NOT NULL default '0',
  `Deep` float NOT NULL default '0',
  `Scale` float NOT NULL default '0',
  `RotX` float NOT NULL default '0',
  `RotY` float NOT NULL default '0',
  `RotZ` float NOT NULL default '0',
  `Mass` float NOT NULL default '0',
  `Type` int(11) NOT NULL default '0',
  PRIMARY KEY  (`ID`)
) ENGINE=MyISAM AUTO_INCREMENT=226 DEFAULT CHARSET=utf8;

-- Dumping data for table avalon.world: 200 rows
/*!40000 ALTER TABLE `world` DISABLE KEYS */;
INSERT INTO `world` (`ID`, `ModelID`, `x`, `y`, `z`, `Width`, `Height`, `Deep`, `Scale`, `RotX`, `RotY`, `RotZ`, `Mass`, `Type`) VALUES
	(3, 6, -222.202, 75.3433, -710.995, 0.098622, 0.099714, 0.098988, 1, 0, 0, 0, 100, 0),
	(4, 6, -61.5303, 75.3433, -710.688, 0.098622, 0.099714, 0.098988, 1, 0, 0, 0, 100, 0),
	(5, 6, 74.4436, 75.3433, -710.383, 0.098622, 0.099714, 0.098988, 1, 0, 0, 0, 100, 0),
	(6, 6, 196.586, 75.3433, -711.343, 0.098622, 0.099714, 0.098988, 1, 0, 0, 0, 100, 0),
	(7, 6, 307.637, 75.3634, -710.514, 0.098622, 0.099714, 0.098988, 1, 0, 0, 0, 100, 0),
	(8, 10, -146.326, 22.6183, -715.164, 4.92157, 1.78431, 4.92157, 1, 0, 0, 0, 100, 0),
	(9, 1, -230.289, 23.4747, -757.75, 1, 1, 1, 1, 0, 0, 0, 100, 0),
	(10, 1, -236.034, 23.4747, -759.065, 1, 1, 1, 1, 0, 0, 0, 100, 0),
	(11, 1, -241.996, 23.4747, -759.203, 1, 1, 1, 1, 0, 0, 0, 100, 0),
	(12, 1, -224.317, 23.4747, -757.596, 1, 1, 1, 1, 0, 0, 0, 100, 0),
	(13, 1, -218.22, 23.4747, -757.442, 1, 1, 1, 1, 0, 0, 0, 100, 0),
	(14, 1, -217.606, 23.4747, -750.862, 1, 1, 1, 1, 0, 0, 0, 100, 0),
	(15, 1, -225.307, 23.4747, -751.252, 1, 1, 1, 1, 0, 0, 0, 100, 0),
	(16, 1, -233.204, 23.4747, -751.687, 1, 1, 1, 1, 0, 0, 0, 100, 0),
	(17, 1, -241.355, 23.4747, -753.107, 1, 1, 1, 1, 0, 0, 0, 100, 0),
	(18, 1, -243.617, 29.8747, -754.366, 1, 1, 1, 1, 0, 0, 0, 100, 0),
	(19, 1, -237.649, 29.8747, -758.397, 1, 1, 1, 1, 0, 0, 0, 100, 0),
	(20, 1, -231.873, 29.8747, -758.643, 1, 1, 1, 1, 0, 0, 0, 100, 0),
	(21, 1, -225.074, 29.8747, -758.866, 1, 1, 1, 1, 0, 0, 0, 100, 0),
	(22, 1, -219.213, 29.8747, -757.795, 1, 1, 1, 1, 0, 0, 0, 100, 0),
	(23, 1, -219.606, 29.8747, -751.23, 1, 1, 1, 1, 0, 0, 0, 100, 0),
	(24, 1, -226.886, 36.3747, -757.312, 1, 1, 1, 1, 0, 0, 0, 100, 0),
	(25, 1, -219.868, 36.3747, -754.058, 1, 1, 1, 1, 0, 0, 0, 100, 0),
	(26, 1, -234.348, 36.3747, -757.993, 1, 1, 1, 1, 0, 0, 0, 100, 0),
	(27, 1, -239.987, 36.3747, -752.292, 1, 1, 1, 1, 0, 0, 0, 100, 0),
	(28, 40, -184.158, 43.3433, -685.699, 9.80392, 6.83005, 9.80389, 1, 0, 0, 0, 100, 0),
	(29, 40, -114.466, 43.3433, -682.637, 9.80392, 6.83005, 9.80389, 1, 0, 0, 0, 100, 0),
	(30, 40, -129.937, 42.7127, 63.6286, 9.80392, 6.83005, 9.80389, 1, 0, 0, 0, 100, 0),
	(31, 40, -176.575, 43.3388, 60.9804, 9.80392, 6.83005, 9.80389, 1, 0, 0, 0, 100, 0),
	(32, 40, -217.639, 43.3387, 71.5741, 9.80392, 6.83005, 9.80389, 1, 0, 0, 0, 100, 0),
	(33, 40, -153.656, 42.3813, -8.66638, 9.80392, 6.83005, 9.80389, 1, 0, 0, 0, 100, 0),
	(34, 40, -196.818, 43.3388, 7.30994, 9.80392, 6.83005, 9.80389, 1, 0, 0, 0, 100, 0),
	(35, 40, -271.559, 43.3433, 78.2443, 9.80392, 6.83005, 9.80389, 1, 0, 0, 0, 100, 0),
	(36, 40, -265.872, 43.3433, 32.4379, 9.80392, 6.83005, 9.80389, 1, 0, 0, 0, 100, 0),
	(37, 40, -267.947, 43.3433, -30.9445, 9.80392, 6.83005, 9.80389, 1, 0, 0, 0, 100, 0),
	(38, 40, -229.994, 43.3388, -51.3293, 9.80392, 6.83005, 9.80389, 1, 0, 0, 0, 100, 0),
	(39, 40, -215.389, 43.3388, 28.0068, 9.80392, 6.83005, 9.80389, 1, 0, 0, 0, 100, 0),
	(40, 40, -321.118, 43.3433, 46.4815, 9.80392, 6.83005, 9.80389, 1, 0, 0, 0, 100, 0),
	(41, 40, -235.591, 43.253, 108.671, 9.80392, 6.83005, 9.80389, 1, 0, 0, 0, 100, 0),
	(42, 40, -321.718, 43.3433, 123.029, 9.80392, 6.83005, 9.80389, 1, 0, 0, 0, 100, 0),
	(43, 40, -369.942, 43.3433, 123.979, 9.80392, 6.83005, 9.80389, 1, 0, 0, 0, 100, 0),
	(44, 40, -397.954, 43.3433, 107.123, 9.80392, 6.83005, 9.80389, 1, 0, 0, 0, 100, 0),
	(45, 40, -367.2, 43.3433, 63.735, 9.80392, 6.83005, 9.80389, 1, 0, 0, 0, 100, 0),
	(46, 40, -334.85, 43.3433, 154.343, 9.80392, 6.83005, 9.80389, 1, 0, 0, 0, 100, 0),
	(47, 40, -388.927, 43.3433, 158.102, 9.80392, 6.83005, 9.80389, 1, 0, 0, 0, 100, 0),
	(48, 40, -425.165, 43.3433, 155.517, 9.80392, 6.83005, 9.80389, 1, 0, 0, 0, 100, 0),
	(49, 40, -467.749, 43.3433, 148.999, 9.80392, 6.83005, 9.80389, 1, 0, 0, 0, 100, 0),
	(50, 40, -346.757, 43.3433, 183.426, 9.80392, 6.83005, 9.80389, 1, 0, 0, 0, 100, 0),
	(51, 40, -418.493, 43.3433, 203.426, 9.80392, 6.83005, 9.80389, 1, 0, 0, 0, 100, 0),
	(52, 40, -473.353, 43.3433, 214.571, 9.80392, 6.83005, 9.80389, 1, 0, 0, 0, 100, 0),
	(53, 40, -519.242, 43.3433, 204.785, 9.80392, 6.83005, 9.80389, 1, 0, 0, 0, 100, 0),
	(54, 40, -405.9, 43.3433, 243.944, 9.80392, 6.83005, 9.80389, 1, 0, 0, 0, 100, 0),
	(55, 40, -467.706, 43.3388, 256.478, 9.80392, 6.83005, 9.80389, 1, 0, 0, 0, 100, 0),
	(56, 40, -498.851, 43.3388, 275.602, 9.80392, 6.83005, 9.80389, 1, 0, 0, 0, 100, 0),
	(57, 40, -540.962, 43.3433, 245.43, 9.80392, 6.83005, 9.80389, 1, 0, 0, 0, 100, 0),
	(58, 40, -454.111, 43.3388, 288.377, 9.80392, 6.83005, 9.80389, 1, 0, 0, 0, 100, 0),
	(59, 40, -383.596, 43.3387, 304.565, 9.80392, 6.83005, 9.80389, 1, 0, 0, 0, 100, 0),
	(60, 40, -381.224, 43.3433, 345.587, 9.80392, 6.83005, 9.80389, 1, 0, 0, 0, 100, 0),
	(61, 40, -557.25, 43.3433, 288.131, 9.80392, 6.83005, 9.80389, 1, 0, 0, 0, 100, 0),
	(62, 40, -510.689, 43.3388, 344.793, 9.80392, 6.83005, 9.80389, 1, 0, 0, 0, 100, 0),
	(63, 40, -635.742, 43.3433, 259.954, 9.80392, 6.83005, 9.80389, 1, 0, 0, 0, 100, 0),
	(64, 40, -523.319, 43.3525, 405.934, 9.80392, 6.83005, 9.80389, 1, 0, 0, 0, 100, 0),
	(65, 40, -455.943, 43.4243, 413.168, 9.80392, 6.83005, 9.80389, 1, 0, 0, 0, 100, 0),
	(66, 40, -573.444, 43.3433, 393.593, 9.80392, 6.83005, 9.80389, 1, 0, 0, 0, 100, 0),
	(67, 40, -621.593, 43.3433, 363.402, 9.80392, 6.83005, 9.80389, 1, 0, 0, 0, 100, 0),
	(68, 40, -677.687, 43.3462, 305.223, 9.80392, 6.83005, 9.80389, 1, 0, 0, 0, 100, 0),
	(69, 40, -646.351, 43.3433, 395.919, 9.80392, 6.83005, 9.80389, 1, 0, 0, 0, 100, 0),
	(70, 40, -611.103, 43.3433, 427.076, 9.80392, 6.83005, 9.80389, 1, 0, 0, 0, 100, 0),
	(71, 40, -586.725, 43.3463, 469.421, 9.80392, 6.83005, 9.80389, 1, 0, 0, 0, 100, 0),
	(72, 40, -574.087, 43.3621, 502.567, 9.80392, 6.83005, 9.80389, 1, 0, 0, 0, 100, 0),
	(73, 40, -447.505, 43.6907, 478.38, 9.80392, 6.83005, 9.80389, 1, 0, 0, 0, 100, 0),
	(74, 8, -879.265, 27.8433, 751.864, 24.5098, 12.866, 8.36896, 1, 0, 0, 0, 100, 0),
	(75, 8, -829.252, 27.8433, 752.818, 24.5098, 12.866, 8.36896, 1, 0, 0, 0, 100, 0),
	(76, 8, -756.218, 27.8433, 752.559, 24.5098, 12.866, 8.36896, 1, 0, 0, 0, 100, 0),
	(77, 8, -697.326, 27.8433, 753.013, 24.5098, 12.866, 8.36896, 1, 0, 0, 0, 100, 0),
	(78, 8, -643.442, 27.8433, 790.096, 24.5098, 12.866, 8.36896, 1, 0, 90, 0, 100, 0),
	(79, 8, -642.158, 27.8825, 854.014, 24.5098, 12.866, 8.36896, 1, 0, 90, 0, 100, 0),
	(88, 45, 593.617, 19.8433, 27.17, 9.85056, 9.09633, 9.95564, 1, 0, 90, 0, 100, 0),
	(92, 46, 584.937, 30.3433, 39.8035, 4.90195, 9.80392, 14.7059, 1, 0, 0, 0, 100, 0),
	(93, 46, 589.814, 21.3633, 22.011, 1, 1, 1, 1, 0, 0, 0, 100, 0),
	(94, 46, 587.089, 21.3633, 21.8669, 1, 1, 1, 1, 0, 0, 0, 100, 0),
	(95, 46, 588.776, 21.3633, 19.3914, 1, 1, 1, 1, 0, 0, 0, 100, 0),
	(96, 46, 586.822, 23.4633, 22.2751, 1, 1, 1, 1, 0, 0, 0, 100, 0),
	(97, 46, 589.197, 23.4633, 21.9338, 1, 1, 1, 1, 0, 0, 0, 100, 0),
	(98, 7, 613.74, 23.2285, 5.04285, 1, 1, 1, 1, 0, 0, 45, 100, 0),
	(99, 7, 617.294, 24.0136, 5.58868, 1, 1, 1, 1, 0, 0, 90, 100, 0),
	(100, 7, 588.268, 20.7533, 6.21997, 1, 1, 1, 1, 0, 0, 0, 100, 0),
	(101, 7, 588.397, 21.7533, 6.10138, 1, 1, 1, 1, 0, 0, 0, 100, 0),
	(102, 7, 586.088, 22.7533, 6.52704, 1, 1, 1, 1, 0, 0, 0, 100, 0),
	(103, 7, 586.839, 23.7533, 6.63782, 1, 1, 1, 1, 0, 0, 0, 100, 0),
	(104, 7, 587.817, 24.7533, 6.70874, 1, 1, 1, 1, 0, 0, 0, 100, 0),
	(106, 6, -159.559, 75.3433, -521.971, 0.098622, 0.099714, 0.098988, 1, 0, 180, 0, 100, 0),
	(107, 6, -60.8589, 75.3433, -523.933, 0.098622, 0.099714, 0.098988, 1, 0, 180, 0, 100, 0),
	(108, 6, 32.4769, 75.3433, -529.406, 0.098622, 0.099714, 0.098988, 1, 0, 180, 0, 100, 0),
	(111, 6, 131.051, 75.3433, -531.312, 0.098622, 0.099714, 0.098988, 1, 0, 180, 0, 100, 0),
	(112, 6, 227.003, 75.3433, -527.806, 0.098622, 0.099714, 0.098988, 1, 0, 180, 0, 100, 0),
	(113, 6, -145.755, 75.3433, -425.402, 0.098622, 0.099714, 0.098988, 1, 0, 0, 0, 100, 0),
	(114, 6, -49.6967, 75.3433, -420.695, 0.098622, 0.099714, 0.098988, 1, 0, 0, 0, 100, 0),
	(115, 6, 49.6174, 75.3433, -405.758, 0.098622, 0.099714, 0.098988, 1, 0, 0, 0, 100, 0),
	(116, 6, 159.552, 75.3433, -399.335, 0.098622, 0.099714, 0.098988, 1, 0, 0, 0, 100, 0),
	(117, 6, 243.564, 75.3523, -397.849, 0.098622, 0.099714, 0.098988, 1, 0, 0, 0, 100, 0),
	(119, 47, -156.617, 39.8433, 714.474, 0.265633, 0.246205, 0.22726, 1, 0, 0, 0, 100, 0),
	(120, 47, -174.589, 39.8433, 731.103, 0.265633, 0.246205, 0.22726, 1, 0, 90, 0, 100, 0),
	(121, 47, -156.066, 39.8433, 749.619, 0.265633, 0.246205, 0.22726, 1, 0, 180, 0, 100, 0),
	(122, 47, -138.63, 39.8433, 741.561, 0.265633, 0.246205, 0.22726, 1, 0, 270, 0, 100, 0),
	(127, 48, -123.011, 20.3433, 767.379, 0.143722, 0.089235, 0.097023, 1, 0, 0, 0, 100, 0),
	(129, 48, -166.501, 20.3479, 811.25, 0.143722, 0.089235, 0.097023, 1, 0, 0, 0, 100, 0),
	(130, 48, -113.832, 20.3479, 808.909, 0.143722, 0.089235, 0.097023, 1, 0, 0, 0, 100, 0),
	(131, 48, -206.022, 20.3698, 829.578, 0.143722, 0.089235, 0.097023, 1, 0, 0, 0, 100, 0),
	(132, 48, -264.706, 20.3679, 828.703, 0.143722, 0.089235, 0.097023, 1, 0, 0, 0, 100, 0),
	(133, 48, -267.216, 20.3433, 783.908, 0.143722, 0.089235, 0.097023, 1, 0, 0, 0, 100, 0),
	(134, 48, -255.325, 20.3599, 748.405, 0.143722, 0.089235, 0.097023, 1, 0, 0, 0, 100, 0),
	(135, 48, -220.5, 20.3533, 727.813, 0.143722, 0.089235, 0.097023, 1, 0, 0, 0, 100, 0),
	(136, 48, -215.941, 20.3997, 674.365, 0.143722, 0.089235, 0.097023, 1, 0, 0, 0, 100, 0),
	(137, 48, -274.625, 20.4787, 699.143, 0.143722, 0.089235, 0.097023, 1, 0, 0, 0, 100, 0),
	(138, 48, -330.131, 20.3849, 761.389, 0.143722, 0.089235, 0.097023, 1, 0, 0, 0, 100, 0),
	(139, 48, -313.013, 20.3552, 825.589, 0.143722, 0.089235, 0.097023, 1, 0, 0, 0, 100, 0),
	(140, 48, -210.759, 20.3433, 776.701, 0.143722, 0.089235, 0.097023, 1, 0, 0, 0, 100, 0),
	(141, 48, -179.214, 20.3479, 688.516, 0.143722, 0.089235, 0.097023, 1, 0, 0, 0, 100, 0),
	(142, 48, -100.377, 20.3433, 675.574, 0.143722, 0.089235, 0.097023, 1, 0, 0, 0, 100, 0),
	(143, 48, -81.9564, 20.3433, 695.624, 0.143722, 0.089235, 0.097023, 1, 0, 0, 0, 100, 0),
	(144, 48, -68.917, 20.3433, 723.575, 0.143722, 0.089235, 0.097023, 1, 0, 0, 0, 100, 0),
	(145, 48, -3.62244, 20.3433, 753.94, 0.143722, 0.089235, 0.097023, 1, 0, 0, 0, 100, 0),
	(146, 48, -82.8291, 20.3433, 738.515, 0.143722, 0.089235, 0.097023, 1, 0, 0, 0, 100, 0),
	(147, 48, -36.064, 20.3433, 775.606, 0.143722, 0.089235, 0.097023, 1, 0, 0, 0, 100, 0),
	(148, 48, -71.7112, 20.3433, 789.353, 0.143722, 0.089235, 0.097023, 1, 0, 0, 0, 100, 0),
	(149, 48, -62.9183, 20.5832, 841.751, 0.143722, 0.089235, 0.097023, 1, 0, 0, 0, 100, 0),
	(150, 48, 1.07483, 20.3467, 828.051, 0.143722, 0.089235, 0.097023, 1, 0, 0, 0, 100, 0),
	(151, 48, -177.502, 18.3479, 685.241, 0.008623, 0.008923, 0.011643, 1, 0, 0, 0, 100, 0),
	(152, 48, -180.118, 18.3482, 684.927, 0.008623, 0.008923, 0.011643, 1, 0, 0, 0, 100, 0),
	(153, 48, -181.854, 18.3502, 685.527, 0.008623, 0.008923, 0.011643, 1, 0, 0, 0, 100, 0),
	(154, 48, -174.627, 18.3433, 721.466, 0.008623, 0.008923, 0.011643, 1, 0, 0, 0, 100, 0),
	(155, 48, -178.746, 18.3433, 721.177, 0.008623, 0.008923, 0.011643, 1, 0, 0, 0, 100, 0),
	(156, 48, -183.873, 18.3433, 726.653, 0.008623, 0.008923, 0.011643, 1, 0, 0, 0, 100, 0),
	(157, 48, -184.896, 18.3433, 731.142, 0.008623, 0.008923, 0.011643, 1, 0, 0, 0, 100, 0),
	(158, 48, -187.43, 18.3433, 734.028, 0.008623, 0.008923, 0.011643, 1, 0, 0, 0, 100, 0),
	(159, 48, -192.162, 18.3433, 732.697, 0.008623, 0.008923, 0.011643, 1, 0, 0, 0, 100, 0),
	(160, 48, -169.057, 18.3433, 748.459, 0.008623, 0.008923, 0.011643, 1, 0, 0, 0, 100, 0),
	(161, 48, -169.666, 18.3433, 753.576, 0.008623, 0.008923, 0.011643, 1, 0, 0, 0, 100, 0),
	(162, 48, -157.474, 18.3433, 744.717, 0.008623, 0.008923, 0.011643, 1, 0, 0, 0, 100, 0),
	(163, 48, -144.799, 18.3433, 739.524, 0.008623, 0.008923, 0.011643, 1, 0, 0, 0, 100, 0),
	(164, 48, -160.272, 18.3433, 721.126, 0.008623, 0.008923, 0.011643, 1, 0, 0, 0, 100, 0),
	(165, 48, -153.678, 18.3433, 721.517, 0.008623, 0.008923, 0.011643, 1, 0, 0, 0, 100, 0),
	(166, 48, -146.813, 18.3433, 713.729, 0.008623, 0.008923, 0.011643, 1, 0, 0, 0, 100, 0),
	(167, 48, -147.234, 18.3433, 707.353, 0.008623, 0.008923, 0.011643, 1, 0, 0, 0, 100, 0),
	(168, 48, -151.918, 18.3433, 702.76, 0.008623, 0.008923, 0.011643, 1, 0, 0, 0, 100, 0),
	(169, 48, -158.227, 18.3433, 701.175, 0.008623, 0.008923, 0.011643, 1, 0, 0, 0, 100, 0),
	(170, 48, -168.711, 18.3433, 706.147, 0.008623, 0.008923, 0.011643, 1, 0, 0, 0, 100, 0),
	(171, 48, -172.252, 18.3433, 711.465, 0.008623, 0.008923, 0.011643, 1, 0, 0, 0, 100, 0),
	(172, 48, -248.769, 18.3454, 769.451, 0.008623, 0.008923, 0.011643, 1, 0, 0, 0, 100, 0),
	(173, 48, -293.696, 18.3838, 750.556, 0.008623, 0.008923, 0.011643, 1, 0, 0, 0, 100, 0),
	(174, 48, -299.029, 18.3479, 786.098, 0.008623, 0.008923, 0.011643, 1, 0, 0, 0, 100, 0),
	(175, 48, -287.653, 18.3479, 811.338, 0.008623, 0.008923, 0.011643, 1, 0, 0, 0, 100, 0),
	(176, 48, -288.171, 18.4055, 833.805, 0.008623, 0.008923, 0.011643, 1, 0, 0, 0, 100, 0),
	(177, 48, -255.869, 18.3433, 802.631, 0.008623, 0.008923, 0.011643, 1, 0, 0, 0, 100, 0),
	(178, 48, -221.446, 18.3435, 803.339, 0.008623, 0.008923, 0.011643, 1, 0, 0, 0, 100, 0),
	(179, 48, -195.81, 18.3546, 824.135, 0.008623, 0.008923, 0.011643, 1, 0, 0, 0, 100, 0),
	(180, 48, -154.583, 18.3491, 824.269, 0.008623, 0.008923, 0.011643, 1, 0, 0, 0, 100, 0),
	(181, 48, -176.36, 18.3433, 793.328, 0.008623, 0.008923, 0.011643, 1, 0, 0, 0, 100, 0),
	(182, 48, -121.19, 18.3433, 787.876, 0.008623, 0.008923, 0.011643, 1, 0, 0, 0, 100, 0),
	(183, 48, -98.9523, 18.3433, 770.912, 0.008623, 0.008923, 0.011643, 1, 0, 0, 0, 100, 0),
	(184, 48, -121.333, 18.3433, 745.163, 0.008623, 0.008923, 0.011643, 1, 0, 0, 0, 100, 0),
	(185, 48, -8.83911, 18.3433, 733.883, 0.008623, 0.008923, 0.011643, 1, 0, 0, 0, 100, 0),
	(186, 48, -48.9292, 18.3433, 726.802, 0.008623, 0.008923, 0.011643, 1, 0, 0, 0, 100, 0),
	(187, 48, -31.8525, 18.3433, 767.159, 0.008623, 0.008923, 0.011643, 1, 0, 0, 0, 100, 0),
	(188, 48, 14.1404, 18.3433, 774.572, 0.008623, 0.008923, 0.011643, 1, 0, 0, 0, 100, 0),
	(189, 48, -58.8772, 18.3433, 753.806, 0.008623, 0.008923, 0.011643, 1, 0, 0, 0, 100, 0),
	(190, 48, -78.0272, 18.3433, 686.021, 0.008623, 0.008923, 0.011643, 1, 0, 0, 0, 100, 0),
	(191, 48, -90.3218, 18.3433, 702.903, 0.008623, 0.008923, 0.011643, 1, 0, 0, 0, 100, 0),
	(192, 48, -138.713, 18.3433, 718.06, 0.008623, 0.008923, 0.011643, 1, 0, 0, 0, 100, 0),
	(193, 40, -838.294, 27.8479, 874.832, 5.88224, 2.04901, 5.88224, 1, 0, 0, 0, 100, 0),
	(194, 40, -838.742, 27.8433, 854.939, 5.88224, 2.04901, 5.88224, 1, 0, 0, 0, 100, 0),
	(195, 40, -869.471, 27.8433, 855.188, 5.88224, 2.04901, 5.88224, 1, 0, 0, 0, 100, 0),
	(196, 40, -882.781, 27.8479, 780.98, 5.88224, 2.04901, 5.88224, 1, 0, 0, 0, 100, 0),
	(197, 40, -873.191, 27.8479, 830.714, 5.88224, 2.04901, 5.88224, 1, 0, 0, 0, 100, 0),
	(198, 40, -680.615, 27.8433, 787.009, 5.88224, 2.04901, 5.88224, 1, 0, 0, 0, 100, 0),
	(199, 40, -717.09, 27.8433, 769.682, 5.88224, 2.04901, 5.88224, 1, 0, 0, 0, 100, 0),
	(200, 40, -670.996, 27.8479, 840.827, 5.88224, 2.04901, 5.88224, 1, 0, 0, 0, 100, 0),
	(201, 40, -715.606, 27.8433, 473.904, 5.88224, 2.04901, 5.88224, 1, 0, 0, 0, 100, 0),
	(202, 40, -678.842, 27.8433, 499.431, 5.88224, 2.04901, 5.88224, 1, 0, 0, 0, 100, 0),
	(203, 40, -685.695, 27.8433, 418.255, 5.88224, 2.04901, 5.88224, 1, 0, 0, 0, 100, 0),
	(204, 40, -722.077, 27.8433, 397.071, 5.88224, 2.04901, 5.88224, 1, 0, 0, 0, 100, 0),
	(205, 40, -738.516, 27.8433, 482.769, 5.88224, 2.04901, 5.88224, 1, 0, 0, 0, 100, 0),
	(206, 40, -665.5, 27.8433, 516.561, 5.88224, 2.04901, 5.88224, 1, 0, 0, 0, 100, 0),
	(207, 40, -654.544, 27.8433, 543.829, 5.88224, 2.04901, 5.88224, 1, 0, 0, 0, 100, 0),
	(208, 40, -645.775, 27.8433, 522.924, 5.88224, 2.04901, 5.88224, 1, 0, 0, 0, 100, 0),
	(209, 40, -684.911, 27.8433, 573.36, 5.88224, 2.04901, 5.88224, 1, 0, 0, 0, 100, 0),
	(210, 40, -611.455, 27.8433, 561.52, 5.88224, 2.04901, 5.88224, 1, 0, 0, 0, 100, 0),
	(211, 40, -727.76, 27.8433, 564.36, 5.88224, 2.04901, 5.88224, 1, 0, 0, 0, 100, 0),
	(212, 40, -711.176, 27.8433, 701.183, 5.88224, 2.04901, 5.88224, 1, 0, 0, 0, 100, 0),
	(213, 40, -753.503, 27.8433, 708.064, 5.88224, 2.04901, 5.88224, 1, 0, 0, 0, 100, 0),
	(214, 40, -566.921, 27.8903, 581.517, 5.88224, 2.04901, 5.88224, 1, 0, 0, 0, 100, 0),
	(215, 40, -545.635, 27.9053, 644.839, 5.88224, 2.04901, 5.88224, 1, 0, 0, 0, 100, 0),
	(216, 40, -441.694, 28.2019, 665.81, 5.88224, 2.04901, 5.88224, 1, 0, 0, 0, 100, 0),
	(217, 40, -542.432, 27.8609, 701.04, 5.88224, 2.04901, 5.88224, 1, 0, 0, 0, 100, 0),
	(218, 40, -573.492, 27.8501, 675.586, 5.88224, 2.04901, 5.88224, 1, 0, 0, 0, 100, 0),
	(219, 40, -525.693, 27.8433, 768.388, 5.88224, 2.04901, 5.88224, 1, 0, 0, 0, 100, 0),
	(220, 40, -570.823, 27.8433, 783.306, 5.88224, 2.04901, 5.88224, 1, 0, 0, 0, 100, 0),
	(221, 40, -606.62, 27.8433, 720.496, 5.88224, 2.04901, 5.88224, 1, 0, 0, 0, 100, 0),
	(222, 40, -733.49, 27.8433, 643.666, 5.88224, 2.04901, 5.88224, 1, 0, 0, 0, 100, 0);
/*!40000 ALTER TABLE `world` ENABLE KEYS */;
/*!40101 SET SQL_MODE=IFNULL(@OLD_SQL_MODE, '') */;
/*!40014 SET FOREIGN_KEY_CHECKS=IF(@OLD_FOREIGN_KEY_CHECKS IS NULL, 1, @OLD_FOREIGN_KEY_CHECKS) */;
/*!40101 SET CHARACTER_SET_CLIENT=@OLD_CHARACTER_SET_CLIENT */;
